{"assets/images/airbnb_logo.png":["assets/images/airbnb_logo.png"],"assets/images/app_store.png":["assets/images/app_store.png"],"assets/images/bg.png":["assets/images/bg.png"],"assets/images/bookmyshow_logo.png":["assets/images/bookmyshow_logo.png"],"assets/images/checkplant.png":["assets/images/checkplant.png"],"assets/images/cover_img.png":["assets/images/cover_img.png"],"assets/images/demoSnapshot.png":["assets/images/demoSnapshot.png"],"assets/images/diagnos_plant.png":["assets/images/diagnos_plant.png"],"assets/images/feature_icons/01.png":["assets/images/feature_icons/01.png"],"assets/images/feature_icons/02.png":["assets/images/feature_icons/02.png"],"assets/images/feature_icons/03.png":["assets/images/feature_icons/03.png"],"assets/images/feature_icons/04.png":["assets/images/feature_icons/04.png"],"assets/images/feature_icons/05.png":["assets/images/feature_icons/05.png"],"assets/images/feature_icons/06.png":["assets/images/feature_icons/06.png"],"assets/images/feature_icons/07.png":["assets/images/feature_icons/07.png"],"assets/images/fedex_logo.png":["assets/images/fedex_logo.png"],"assets/images/fungicides.png":["assets/images/fungicides.png"],"assets/images/google_logo.png":["assets/images/google_logo.png"],"assets/images/google_play.png":["assets/images/google_play.png"],"assets/images/hubspot_logo.png":["assets/images/hubspot_logo.png"],"assets/images/identity.png":["assets/images/identity.png"],"assets/images/logo.png":["assets/images/logo.png"],"assets/images/logo2.png":["assets/images/logo2.png"],"assets/images/microsoft_logo.png":["assets/images/microsoft_logo.png"],"assets/images/phone_mockup.png":["assets/images/phone_mockup.png"],"assets/images/phone_mockup_2.png":["assets/images/phone_mockup_2.png"],"assets/images/photodisease3.png":["assets/images/photodisease3.png"],"assets/images/plant_diases.png":["assets/images/plant_diases.png"],"assets/images/profile.png":["assets/images/profile.png"],"assets/images/quote_mark.png":["assets/images/quote_mark.png"],"assets/images/right_arrow.png":["assets/images/right_arrow.png"],"assets/images/tomat1.png":["assets/images/tomat1.png"],"assets/images/tomat2.png":["assets/images/tomat2.png"],"assets/images/tomat3.png":["assets/images/tomat3.png"],"assets/images/tomat4.png":["assets/images/tomat4.png"],"assets/images/walmart_logo.png":["assets/images/walmart_logo.png"],"packages/cupertino_icons/assets/CupertinoIcons.ttf":["packages/cupertino_icons/assets/CupertinoIcons.ttf"]}